{
    "Model": "deepseek-coder-1.3b-base",
    "Model path": "RQ3/CC/250/deepseek-coder-1.3b-base/full_fine_tuning_seed_42/best_model",
    "Precision": 0.6343252144607843,
    "Recall": 0.6326086956521739,
    "F1": 0.6314312264133053,
    "MCC": 0.26692839101783933
}