{
    "Model": "deepseek-coder-1.3b-base",
    "Model path": "RQ3/CC/250/deepseek-coder-1.3b-base/ia3_seed_42/best_model",
    "Precision": 0.5766666666666667,
    "Recall": 0.5760869565217391,
    "F1": 0.5752840909090909,
    "MCC": 0.15275252316519466
}