{
    "Model": "graphcodebert-base",
    "Model path": "output/RQ2/CC/r1280/graphcodebert-base/lora_seed_42/best_model",
    "Precision": 0.8086218802407024,
    "Recall": 0.7268138401029489,
    "F1": 0.7565285533390074,
    "MCC": 0.5291491804668552
}