{
    "Model": "starcoderbase-1b",
    "Model path": "RQ1/CM/starcoderbase-1b/ia3_seed_42/best_model",
    "Precision": 0.8108192620387742,
    "Recall": 0.8092334494773519,
    "F1": 0.8089898140360714,
    "MCC": 0.620050683619509
}