{
    "Model": "starcoderbase-1b",
    "Model path": "output/RQ1/CM/starcoderbase-1b/prefix_tuning_seed_42/best_model",
    "Precision": 0.8481976960237829,
    "Recall": 0.8704696217546017,
    "F1": 0.8572005097706032,
    "MCC": 0.7183221247929223
}