{
    "Model": "starcoderbase-1b",
    "Model path": "RQ1/CM/starcoderbase-1b/prompt_tuning_seed_42/best_model",
    "Precision": 0.8005673487601198,
    "Recall": 0.8005226480836237,
    "F1": 0.8005152311900778,
    "MCC": 0.6010899951816376
}