{
    "Model": "deepseek-coder-1.3b-base",
    "Model path": "RQ3/CC/100/deepseek-coder-1.3b-base/ia3_seed_42/best_model",
    "Precision": 0.5352490421455939,
    "Recall": 0.5304347826086957,
    "F1": 0.5138348623853211,
    "MCC": 0.06550715792540233
}