{
    "Model": "deepseek-coder-1.3b-base",
    "Model path": "output/RQ3/CC/100/deepseek-coder-1.3b-base/lora_seed_42/best_model",
    "Precision": 0.6479372937293729,
    "Recall": 0.5487466695666359,
    "F1": 0.5490130805984178,
    "MCC": 0.16984051782785042
}