{
    "Model": "deepseek-coder-1.3b-base",
    "Model path": "RQ3/CC/100/deepseek-coder-1.3b-base/prefix_tuning_seed_42/best_model",
    "Precision": 0.5035208572522005,
    "Recall": 0.5032608695652174,
    "F1": 0.49391832927086154,
    "MCC": 0.006776741475716972
}