{
    "Model": "deepseek-coder-1.3b-base",
    "Model path": "output/RQ3/CC/100/deepseek-coder-1.3b-base/prefix_tuning_seed_42/best_model",
    "Precision": 0.6212217250807854,
    "Recall": 0.5883901546046073,
    "F1": 0.5981577926827046,
    "MCC": 0.20702470404594553
}