{
    "Model": "deepseek-coder-1.3b-base",
    "Model path": "RQ3/CC/100/deepseek-coder-1.3b-base/prompt_tuning_seed_42/best_model",
    "Precision": 0.565261803874092,
    "Recall": 0.5652173913043479,
    "F1": 0.5651434081412716,
    "MCC": 0.13047918761985394
}