{
    "Model": "deepseek-coder-1.3b-base",
    "Model path": "RQ3/DC/50/deepseek-coder-1.3b-base/full_fine_tuning_seed_42/best_model",
    "Precision": 0.8448556724674896,
    "Recall": 0.8359826589595376,
    "F1": 0.8349208017297776,
    "MCC": 0.6807805102759819
}