{
    "Model": "deepseek-coder-1.3b-base",
    "Model path": "RQ3/DC/50/deepseek-coder-1.3b-base/ia3_seed_42/best_model",
    "Precision": 0.7627770188134461,
    "Recall": 0.7406069364161849,
    "F1": 0.7350179061414199,
    "MCC": 0.5028955098518237
}