{
    "Model": "deepseek-coder-6.7b-base",
    "Model path": "output/RQ1/CC/deepseek-coder-6.7b-base/ia3_seed_42/best_model",
    "Precision": 0.757852412488174,
    "Recall": 0.6728970692186396,
    "F1": 0.6999325980885784,
    "MCC": 0.4222886520386786
}