{
    "Model": "deepseek-coder-6.7b-base",
    "Model path": "/home/nas2/path/20_JP/Beiqi/PEFTonCodeSmellDetection/output/1st/CC/deepseek-coder-6.7b-base/prefix_tuning_seed_42/best_model",
    "Precision": 0.6881154884431187,
    "Recall": 0.6880434782608695,
    "F1": 0.6880136213413619,
    "MCC": 0.37615895981133524
}