{
    "Model": "graphcodebert-base",
    "Model path": "output/RQ3/CM/1000/graphcodebert-base/ia3_seed_42/best_model",
    "Precision": 0.8408800362901563,
    "Recall": 0.8404373325132891,
    "F1": 0.8406579631523601,
    "MCC": 0.6813172249742524
}