{
    "Model": "graphcodebert-base",
    "Model path": "output/RQ3/CM/1000/graphcodebert-base/prefix_tuning_seed_42/best_model",
    "Precision": 0.8323427097012003,
    "Recall": 0.8564831085533541,
    "F1": 0.8416345930921876,
    "MCC": 0.6884026794233993
}