{
    "Model": "graphcodebert-base",
    "Model path": "output/RQ3/CM/1000/graphcodebert-base/prompt_tuning_seed_42/best_model",
    "Precision": 0.8200105513057241,
    "Recall": 0.8330953740719589,
    "F1": 0.8257797565756043,
    "MCC": 0.6529748365569807
}