{
    "Model": "deepseek-coder-1.3b-base",
    "Model path": "output/RQ2/CM/r1280/deepseek-coder-1.3b-base/lora_seed_42/best_model",
    "Precision": 0.8539857170430419,
    "Recall": 0.8776688046391073,
    "F1": 0.8634475930835819,
    "MCC": 0.7312711196675632
}