{
    "Model": "graphcodebert-base",
    "Model path": "RQ3/CM/500/graphcodebert-base/full_fine_tuning_seed_42/best_model",
    "Precision": 0.7863219614899686,
    "Recall": 0.7839721254355401,
    "F1": 0.7835279805352797,
    "MCC": 0.5702892457803469
}