{
    "Model": "graphcodebert-base",
    "Model path": "RQ3/CM/500/graphcodebert-base/ia3_seed_42/best_model",
    "Precision": 0.7826024939032807,
    "Recall": 0.7796167247386759,
    "F1": 0.7790330814357327,
    "MCC": 0.5622112903463146
}