{
    "Model": "graphcodebert-base",
    "Model path": "RQ3/CM/500/graphcodebert-base/lora_seed_42/best_model",
    "Precision": 0.7957284706176232,
    "Recall": 0.7874564459930313,
    "F1": 0.7859596787011114,
    "MCC": 0.5831262475406044
}