{
    "Model": "graphcodebert-base",
    "Model path": "RQ3/CM/500/graphcodebert-base/prefix_tuning_seed_42/best_model",
    "Precision": 0.7657407407407407,
    "Recall": 0.764808362369338,
    "F1": 0.7646018828204029,
    "MCC": 0.5305482838361477
}