{
    "Model": "graphcodebert-base",
    "Model path": "output/RQ3/CM/500/graphcodebert-base/prompt_tuning_seed_42/best_model",
    "Precision": 0.8014263637979842,
    "Recall": 0.8025908272196107,
    "F1": 0.8020025279946288,
    "MCC": 0.6040160685525887
}