{
    "Model": "graphcodebert-base",
    "Model path": "RQ3/CM/500/graphcodebert-base/prompt_tuning_seed_42/best_model",
    "Precision": 0.7380900096377898,
    "Recall": 0.7369337979094077,
    "F1": 0.7366140344479695,
    "MCC": 0.47502240043083876
}