{
    "Model": "graphcodebert-base",
    "Model path": "output/RQ2/CC/r64/graphcodebert-base/lora_seed_42/best_model",
    "Precision": 0.767786965412999,
    "Recall": 0.7729414749968282,
    "F1": 0.7703119951172226,
    "MCC": 0.5407038720954329
}