{
    "Model": "deepseek-coder-1.3b-base",
    "Model path": "output/RQ2/CM/r2560/deepseek-coder-1.3b-base/lora_seed_42/best_model",
    "Precision": 0.855071786726463,
    "Recall": 0.8756424900057109,
    "F1": 0.8636272820026478,
    "MCC": 0.7304246712610557
}