{
    "Model": "unixcoder-base",
    "Model path": "RQ1/CM/unixcoder-base/ia3_seed_42/best_model",
    "Precision": 0.8224405766824967,
    "Recall": 0.8222996515679443,
    "F1": 0.8222802331228752,
    "MCC": 0.644740212848976
}