{
    "Model": "codellama-7b-hf",
    "Model path": "output/RQ1/CC/codellama-7b-hf/ia3_seed_42/best_model",
    "Precision": 0.7126101016597881,
    "Recall": 0.7156852083446613,
    "F1": 0.7141221588672582,
    "MCC": 0.42828427042174233
}