{
    "model": "gpt-4o-mini",
    "smell": "DC",
    "precision": 0.5687271900539661,
    "recall": 0.559971098265896,
    "f1": 0.5454946946448187,
    "mcc": 0.1284000789449182
}