{
    "model": "gpt-4o-mini",
    "smell": "DC",
    "precision": 0.7873543741619127,
    "recall": 0.7868497109826589,
    "f1": 0.7867560841213508,
    "mcc": 0.5742038633724001
}