{
    "model": "gpt-4o-mini",
    "smell": "DC",
    "precision": 0.8215759000291114,
    "recall": 0.8114161849710984,
    "f1": 0.8099148199230974,
    "mcc": 0.63291054649362
}