{
    "model": "gpt-4o-mini",
    "smell": "DC",
    "precision": 0.828597703520352,
    "recall": 0.819364161849711,
    "f1": 0.8180862250262881,
    "mcc": 0.6478960724391437
}