{
    "Model": "deepseek-coder-1.3b-base",
    "Model path": "RQ3/CM/250/deepseek-coder-1.3b-base/ia3_seed_42/best_model",
    "Precision": 0.6810319709267887,
    "Recall": 0.671602787456446,
    "F1": 0.6672701678963484,
    "MCC": 0.3525086712679348
}