{
    "Model": "deepseek-coder-1.3b-base",
    "Model path": "RQ3/CM/250/deepseek-coder-1.3b-base/lora_seed_42/best_model",
    "Precision": 0.7820873540984328,
    "Recall": 0.7726480836236933,
    "F1": 0.7707301134994136,
    "MCC": 0.5546551235115957
}