{
    "Model": "deepseek-coder-1.3b-base",
    "Model path": "RQ3/CM/250/deepseek-coder-1.3b-base/prompt_tuning_seed_42/best_model",
    "Precision": 0.690864451712232,
    "Recall": 0.6907665505226481,
    "F1": 0.6907268912186442,
    "MCC": 0.3816309896774057
}