{
    "Model": "deepseek-coder-1.3b-base",
    "Model path": "RQ3/DC/250/deepseek-coder-1.3b-base/full_fine_tuning_seed_42/best_model",
    "Precision": 0.8739849684025832,
    "Recall": 0.8721098265895955,
    "F1": 0.8719493166688883,
    "MCC": 0.7460924386144133
}