{
    "Model": "deepseek-coder-1.3b-base",
    "Model path": "RQ3/DC/250/deepseek-coder-1.3b-base/ia3_seed_42/best_model",
    "Precision": 0.8286604063470207,
    "Recall": 0.8229768786127167,
    "F1": 0.8222082399360311,
    "MCC": 0.6516124988535682
}