{
    "Model": "deepseek-coder-1.3b-base",
    "Model path": "RQ3/DC/250/deepseek-coder-1.3b-base/prompt_tuning_seed_42/best_model",
    "Precision": 0.8051613529278575,
    "Recall": 0.7955202312138728,
    "F1": 0.7938923143227454,
    "MCC": 0.6006042076934817
}