{
    "Model": "graphcodebert-base",
    "Model path": "/home/liangpeng/project/Mabel/PEFTonCodeSmellDetection/output/1st/RQ2/DC/r1280/graphcodebert-base/lora_seed_42/best_model",
    "Precision": 0.8545236538042293,
    "Recall": 0.8395953757225434,
    "F1": 0.837888831905585,
    "MCC": 0.6939584812254294
}