{
    "Model": "graphcodebert-base",
    "Model path": "RQ3/CC/250/graphcodebert-base/prefix_tuning_seed_42/best_model",
    "Precision": 0.6002292578487656,
    "Recall": 0.6,
    "F1": 0.599771135668317,
    "MCC": 0.2002291266012671
}