{
    "Model": "deepseek-coder-1.3b-base",
    "Model path": "output/RQ3/CC/1000/deepseek-coder-1.3b-base/ia3_seed_42/best_model",
    "Precision": 0.7300960183227625,
    "Recall": 0.7367145161582658,
    "F1": 0.7332993871826483,
    "MCC": 0.46676361318001724
}