{
    "Model": "deepseek-coder-1.3b-base",
    "Model path": "output/RQ3/CC/1000/deepseek-coder-1.3b-base/lora_seed_42/best_model",
    "Precision": 0.7041984732824427,
    "Recall": 0.7399951063019956,
    "F1": 0.7183783817455818,
    "MCC": 0.44274884213117954
}