{
    "Model": "deepseek-coder-6.7b-base",
    "Model path": "/home/nas2/path/20_JP/Beiqi/PEFTonCodeSmellDetection/output/1st/FE/deepseek-coder-6.7b-base/prompt_tuning_seed_42/best_model",
    "Precision": 0.7980769230769231,
    "Recall": 0.7903225806451613,
    "F1": 0.7889499869075673,
    "MCC": 0.5883484054145521
}