{
    "Model": "graphcodebert-base",
    "Model path": "output/RQ1/CM/graphcodebert-base/ia3_seed_42/best_model",
    "Precision": 0.8414867858430787,
    "Recall": 0.86400079075693,
    "F1": 0.850483351235231,
    "MCC": 0.7051282438817015
}