{
    "Model": "graphcodebert-base",
    "Model path": "RQ1/CM/graphcodebert-base/ia3_seed_42/best_model",
    "Precision": 0.8039554266243035,
    "Recall": 0.8005226480836236,
    "F1": 0.7999578445315454,
    "MCC": 0.6044683274035895
}