{
    "Model": "graphcodebert-base",
    "Model path": "output/RQ1/CM/graphcodebert-base/lora_seed_42/best_model",
    "Precision": 0.849155644979374,
    "Recall": 0.8697392698677678,
    "F1": 0.8576653631749729,
    "MCC": 0.7186001760224758
}