{
    "Model": "graphcodebert-base",
    "Model path": "RQ1/CM/graphcodebert-base/lora_seed_42/best_model",
    "Precision": 0.8079895788102476,
    "Recall": 0.8013937282229966,
    "F1": 0.8003246753246753,
    "MCC": 0.6093476098630433
}