{
    "Model": "graphcodebert-base",
    "Model path": "RQ1/CM/graphcodebert-base/prefix_tuning_seed_42/best_model",
    "Precision": 0.8103437244062244,
    "Recall": 0.7944250871080138,
    "F1": 0.791754675619752,
    "MCC": 0.6045592711777005
}