{
    "Model": "graphcodebert-base",
    "Model path": "RQ1/CM/graphcodebert-base/prompt_tuning_seed_42/best_model",
    "Precision": 0.7959633340043045,
    "Recall": 0.7900696864111498,
    "F1": 0.7890193488660099,
    "MCC": 0.5860033838940762
}