{
    "Model": "deepseek-coder-6.7b-base",
    "Model path": "/home/nas2/path/20_JP/Beiqi/PEFTonCodeSmellDetection/output/1st/DC/deepseek-coder-6.7b-base/ia3_seed_42/best_model",
    "Precision": 0.8688050729530066,
    "Recall": 0.8547687861271676,
    "F1": 0.8533736798523743,
    "MCC": 0.7234377044337118
}