{
    "Model": "deepseek-coder-6.7b-base",
    "Model path": "/home/nas2/path/20_JP/Beiqi/PEFTonCodeSmellDetection/output/1st/DC/deepseek-coder-6.7b-base/lora_seed_42/best_model",
    "Precision": 0.8505358586265723,
    "Recall": 0.8359826589595376,
    "F1": 0.8342624269680704,
    "MCC": 0.6863642468602813
}