{
    "Model": "deepseek-coder-6.7b-base",
    "Model path": "/home/nas2/path/20_JP/Beiqi/PEFTonCodeSmellDetection/output/1st/DC/deepseek-coder-6.7b-base/prompt_tuning_seed_42/best_model",
    "Precision": 0.8704143550624133,
    "Recall": 0.8569364161849711,
    "F1": 0.8556230874927293,
    "MCC": 0.7272258862264055
}