{
    "Model": "codet5-base",
    "Model path": "RQ1/FE/codet5-base/full_fine_tuning_seed_42/best_model",
    "Precision": 0.7086903304773562,
    "Recall": 0.6774193548387097,
    "F1": 0.6648648648648648,
    "MCC": 0.38484128569772574
}