{
    "Model": "codet5-base",
    "Model path": "RQ1/FE/codet5-base/lora_seed_42/best_model",
    "Precision": 0.5518394648829431,
    "Recall": 0.5483870967741935,
    "F1": 0.5407407407407407,
    "MCC": 0.10016708449412667
}