{
    "model": "deepseek-v3",
    "smell": "CM",
    "precision": 0.768998612829453,
    "recall": 0.5871080139372822,
    "f1": 0.5031119877273723,
    "mcc": 0.30614986470980243
}