{
    "model": "gpt-4o-mini",
    "smell": "CM",
    "precision": 0.7702350342230109,
    "recall": 0.5905923344947736,
    "f1": 0.5089909726266744,
    "mcc": 0.31292952952725683
}