{
    "model": "gpt-4o-mini",
    "smell": "CM",
    "precision": 0.7733059342421813,
    "recall": 0.5993031358885017,
    "f1": 0.5234537152345371,
    "mcc": 0.32948527328052307
}