{
    "model": "gpt-4o-mini",
    "smell": "CM",
    "precision": 0.7783014613025437,
    "recall": 0.6498257839721254,
    "f1": 0.6041392892801878,
    "mcc": 0.40839556618671435
}