{
    "Model": "deepseek-coder-1.3b-base",
    "Model path": "output/RQ3/CM/100/deepseek-coder-1.3b-base/lora_seed_42/best_model",
    "Precision": 0.8257078351417974,
    "Recall": 0.8493662961824012,
    "F1": 0.8347863592799578,
    "MCC": 0.6746594400171925
}