{
    "Model": "deepseek-coder-1.3b-base",
    "Model path": "RQ3/CM/100/deepseek-coder-1.3b-base/prompt_tuning_seed_42/best_model",
    "Precision": 0.6662353347135956,
    "Recall": 0.6637630662020906,
    "F1": 0.6625082634934851,
    "MCC": 0.32998913996572216
}