{
    "Model": "deepseek-coder-1.3b-base",
    "Model path": "output/RQ3/CM/100/deepseek-coder-1.3b-base/prompt_tuning_seed_42/best_model",
    "Precision": 0.7873275061275196,
    "Recall": 0.7819597592584457,
    "F1": 0.7845117845117846,
    "MCC": 0.5692619588767371
}