{
    "Model": "graphcodebert-base",
    "Model path": "/home/liangpeng/project/Mabel/PEFTonCodeSmellDetection/output/1st/RQ2/FE/r2560/graphcodebert-base/lora_seed_42/best_model",
    "Precision": 0.784577723378213,
    "Recall": 0.7419354838709677,
    "F1": 0.7318918918918919,
    "MCC": 0.5247835714059896
}