{
    "Model": "deepseek-coder-1.3b-base",
    "Model path": "/home/liangpeng/project/Mabel/PEFTonCodeSmellDetection/output/1st/RQ2/CC/r640/deepseek-coder-1.3b-base/lora_seed_42/best_model",
    "Precision": 0.7308390110208257,
    "Recall": 0.7260869565217392,
    "F1": 0.7246699697402987,
    "MCC": 0.45690125606387505
}