{
    "model": "gpt-4o-mini",
    "smell": "FE",
    "precision": 0.7066666666666667,
    "recall": 0.6290322580645161,
    "f1": 0.5905828308929084,
    "mcc": 0.32659863237109044
}