{
    "model": "deepseek-v3",
    "smell": "FE",
    "precision": 0.8163265306122449,
    "recall": 0.7096774193548387,
    "f1": 0.6829545454545455,
    "mcc": 0.5150787536377128
}