{
    "model": "gpt-4o-mini",
    "smell": "FE",
    "precision": 0.7753396029258098,
    "recall": 0.7741935483870968,
    "f1": 0.7739583333333333,
    "mcc": 0.5495319562599505
}