{
    "model": "gpt-4o-mini",
    "smell": "FE",
    "precision": 0.7152777777777778,
    "recall": 0.5967741935483871,
    "f1": 0.5324283559577677,
    "mcc": 0.28867513459481287
}