{
    "Model": "graphcodebert-base",
    "Model path": "output/RQ2/CM/r64/graphcodebert-base/lora_seed_42/best_model",
    "Precision": 0.849944975617636,
    "Recall": 0.8806725826999957,
    "F1": 0.8608564492941482,
    "MCC": 0.7299711163361261
}