{
    "Model": "graphcodebert-base",
    "Model path": "RQ1/FE/graphcodebert-base/full_fine_tuning_seed_42/best_model",
    "Precision": 0.7753396029258098,
    "Recall": 0.7741935483870968,
    "F1": 0.7739583333333333,
    "MCC": 0.5495319562599505
}