{
    "Model": "graphcodebert-base",
    "Model path": "RQ1/FE/graphcodebert-base/ia3_seed_42/best_model",
    "Precision": 0.7466340269277846,
    "Recall": 0.7096774193548387,
    "F1": 0.6983783783783784,
    "MCC": 0.4548124285518577
}