{
    "Model": "graphcodebert-base",
    "Model path": "output/RQ3/CC/200/graphcodebert-base/lora_seed_42/best_model",
    "Precision": 0.8231288019042582,
    "Recall": 0.6328639008210538,
    "F1": 0.6660514541387025,
    "MCC": 0.4144015110427725
}