{
    "Model": "graphcodebert-base",
    "Model path": "output/RQ3/CC/200/graphcodebert-base/prefix_tuning_seed_42/best_model",
    "Precision": 0.761299302858747,
    "Recall": 0.7024450365214869,
    "F1": 0.7247163458484213,
    "MCC": 0.45999455175155335
}