{
    "Model": "graphcodebert-base",
    "Model path": "output/RQ3/CC/200/graphcodebert-base/prompt_tuning_seed_42/best_model",
    "Precision": 0.6731512605042016,
    "Recall": 0.6680577456364526,
    "F1": 0.6705109811279107,
    "MCC": 0.3411709864243809
}