{
    "Model": "deepseek-coder-1.3b-base",
    "Model path": "output/RQ3/CM/200/deepseek-coder-1.3b-base/prefix_tuning_seed_42/best_model",
    "Precision": 0.8162364553683773,
    "Recall": 0.8553848350393183,
    "F1": 0.8252336717379425,
    "MCC": 0.6704793524770453
}