{
    "Model": "deepseek-coder-1.3b-base",
    "Model path": "output/RQ3/CM/500/deepseek-coder-1.3b-base/full_fine_tuning_seed_42/best_model",
    "Precision": 0.8263888888888888,
    "Recall": 0.8716557571497605,
    "F1": 0.8331701111593486,
    "MCC": 0.696575364552233
}