{
    "Model": "deepseek-coder-1.3b-base",
    "Model path": "RQ3/CM/500/deepseek-coder-1.3b-base/full_fine_tuning_seed_42/best_model",
    "Precision": 0.7944393856613854,
    "Recall": 0.794425087108014,
    "F1": 0.7944225912975913,
    "MCC": 0.5888644725958037
}