{
    "Model": "deepseek-coder-1.3b-base",
    "Model path": "RQ3/CM/500/deepseek-coder-1.3b-base/lora_seed_42/best_model",
    "Precision": 0.7953400905208134,
    "Recall": 0.7952961672473867,
    "F1": 0.7952885560247522,
    "MCC": 0.5906362561350005
}