{
    "Model": "deepseek-coder-1.3b-base",
    "Model path": "RQ3/CM/500/deepseek-coder-1.3b-base/prefix_tuning_seed_42/best_model",
    "Precision": 0.7380925648702594,
    "Recall": 0.7317073170731707,
    "F1": 0.7298963842978363,
    "MCC": 0.4697564876450678
}