{
    "Model": "deepseek-coder-1.3b-base",
    "Model path": "output/RQ3/CM/500/deepseek-coder-1.3b-base/prefix_tuning_seed_42/best_model",
    "Precision": 0.8288643294984449,
    "Recall": 0.8588389052409612,
    "F1": 0.8391240151049901,
    "MCC": 0.6870496807946999
}