{
    "Model": "graphcodebert-base",
    "Model path": "output/RQ3/CC/100/graphcodebert-base/ia3_seed_42/best_model",
    "Precision": 0.7086753825884261,
    "Recall": 0.686594892429268,
    "F1": 0.6962838701660561,
    "MCC": 0.39465306570061603
}