{
    "Model": "graphcodebert-base",
    "Model path": "RQ3/CC/100/graphcodebert-base/ia3_seed_42/best_model",
    "Precision": 0.6313519813519813,
    "Recall": 0.6065217391304347,
    "F1": 0.5870039682539683,
    "MCC": 0.2365742292967811
}