{
    "Model": "graphcodebert-base",
    "Model path": "RQ3/CC/100/graphcodebert-base/prefix_tuning_seed_42/best_model",
    "Precision": 0.5771501408828659,
    "Recall": 0.5760869565217391,
    "F1": 0.5746214510293022,
    "MCC": 0.1532334090856256
}