{
    "Model": "deepseek-coder-1.3b-base",
    "Model path": "/home/liangpeng/project/Mabel/PEFTonCodeSmellDetection/output/1st/RQ2/CC/r32/deepseek-coder-1.3b-base/lora_seed_42/best_model",
    "Precision": 0.7435933806146573,
    "Recall": 0.7434782608695651,
    "F1": 0.7434479498995629,
    "MCC": 0.4870716278799035
}