{
    "Model": "deepseek-coder-1.3b-base",
    "Model path": "/home/liangpeng/project/Mabel/PEFTonCodeSmellDetection/output/1st/RQ2/DC/r2560/deepseek-coder-1.3b-base/lora_seed_42/best_model",
    "Precision": 0.851657800226199,
    "Recall": 0.833092485549133,
    "F1": 0.8308601055457829,
    "MCC": 0.6844985631543284
}