{
    "Model": "codellama-7b-hf",
    "Model path": "/home/nas2/path/20_JP/Beiqi/PEFTonCodeSmellDetection/output/1st/CM/codellama-7b-hf/ia3_seed_42/best_model",
    "Precision": 0.8315168527340167,
    "Recall": 0.8301393728222997,
    "F1": 0.829962743109754,
    "MCC": 0.6616547916901409
}