{
    "Model": "codellama-7b-hf",
    "Model path": "/home/nas2/path/20_JP/Beiqi/PEFTonCodeSmellDetection/output/1st/CM/codellama-7b-hf/lora_seed_42/best_model",
    "Precision": 0.8176207983193278,
    "Recall": 0.8083623693379791,
    "F1": 0.8069555912252542,
    "MCC": 0.6259146968102549
}