{
    "Model": "codellama-7b-hf",
    "Model path": "/home/nas2/path/20_JP/Beiqi/PEFTonCodeSmellDetection/output/1st/CM/codellama-7b-hf/prompt_tuning_seed_42/best_model",
    "Precision": 0.8207898658718331,
    "Recall": 0.8135888501742161,
    "F1": 0.8125368177836381,
    "MCC": 0.6343378443267881
}