{
    "Model": "deepseek-coder-1.3b-base",
    "Model path": "RQ3/CC/50/deepseek-coder-1.3b-base/ia3_seed_42/best_model",
    "Precision": 0.5090751262626263,
    "Recall": 0.5065217391304347,
    "F1": 0.4691840013013684,
    "MCC": 0.01538643637241659
}