{
    "Model": "deepseek-coder-1.3b-base",
    "Model path": "RQ3/CC/50/deepseek-coder-1.3b-base/lora_seed_42/best_model",
    "Precision": 0.4874344405594406,
    "Recall": 0.4956521739130435,
    "F1": 0.3970757722989311,
    "MCC": -0.014782809899727065
}