{
    "Model": "deepseek-coder-1.3b-base",
    "Model path": "RQ3/CC/50/deepseek-coder-1.3b-base/prompt_tuning_seed_42/best_model",
    "Precision": 0.5305532280149599,
    "Recall": 0.5282608695652175,
    "F1": 0.5192432729216736,
    "MCC": 0.05876940672585102
}