{
    "Model": "starcoderbase-3b",
    "Model path": "RQ1/CC/starcoderbase-3b/ia3_seed_42/best_model",
    "Precision": 0.7518296548147294,
    "Recall": 0.7478260869565218,
    "F1": 0.7468198273857819,
    "MCC": 0.49963970191467366
}