{
    "Model": "starcoderbase-3b",
    "Model path": "output/RQ1/CC/starcoderbase-3b/prefix_tuning_seed_42/best_model",
    "Precision": 0.741819778148957,
    "Recall": 0.7046743878346293,
    "F1": 0.72011146372042,
    "MCC": 0.4449463565822004
}