{
    "Model": "starcoderbase-1b",
    "Model path": "RQ1/FE/starcoderbase-1b/ia3_seed_42/best_model",
    "Precision": 0.7513513513513514,
    "Recall": 0.7419354838709677,
    "F1": 0.7394957983193277,
    "MCC": 0.4931969619160718
}