{
    "Model": "starcoderbase-1b",
    "Model path": "RQ1/FE/starcoderbase-1b/prompt_tuning_seed_42/best_model",
    "Precision": 0.7379385964912281,
    "Recall": 0.7258064516129032,
    "F1": 0.7222661396574441,
    "MCC": 0.4635863249727653
}