{
    "model": "deepseek-v3",
    "smell": "DC",
    "precision": 0.8673588817549491,
    "recall": 0.8670520231213873,
    "f1": 0.8670242541210282,
    "mcc": 0.7344108407690196
}