{
    "model": "deepseek-v3",
    "smell": "DC",
    "precision": 0.8776969178082192,
    "recall": 0.8684971098265897,
    "f1": 0.8676914284753796,
    "mcc": 0.7461373133753324
}