{
    "model": "deepseek-v3",
    "smell": "DC",
    "precision": 0.8689408891713779,
    "recall": 0.8684971098265897,
    "f1": 0.8684575534759358,
    "mcc": 0.7374378654680132
}