{
    "model": "deepseek-v3",
    "smell": "DC",
    "precision": 0.861637192190309,
    "recall": 0.8612716763005781,
    "f1": 0.8612366133812923,
    "mcc": 0.7229087760851357
}