{
    "Model": "deepseek-coder-1.3b-base",
    "Model path": "/home/liangpeng/project/Mabel/PEFTonCodeSmellDetection/output/1st/RQ2/CC/r1280/deepseek-coder-1.3b-base/lora_seed_42/best_model",
    "Precision": 0.672833438095193,
    "Recall": 0.6728260869565217,
    "F1": 0.6728226079908695,
    "MCC": 0.3456595249735465
}