{
    "Model": "graphcodebert-base",
    "Model path": "output/RQ2/CM/r2560/graphcodebert-base/lora_seed_42/best_model",
    "Precision": 0.8468671679197995,
    "Recall": 0.8648025304221763,
    "F1": 0.85450190853978,
    "MCC": 0.7114436606717831
}