{
    "Model": "deepseek-coder-1.3b-base",
    "Model path": "/home/liangpeng/project/Mabel/PEFTonCodeSmellDetection/output/1st/RQ2/FE/r64/deepseek-coder-1.3b-base/lora_seed_42/best_model",
    "Precision": 0.790625,
    "Recall": 0.7903225806451613,
    "F1": 0.7902680197762164,
    "MCC": 0.5809475019311126
}