{
    "Model": "deepseek-coder-1.3b-base",
    "Model path": "RQ3/DC/500/deepseek-coder-1.3b-base/full_fine_tuning_seed_42/best_model",
    "Precision": 0.8568627193357027,
    "Recall": 0.8403179190751444,
    "F1": 0.8384454286400934,
    "MCC": 0.6969842983592204
}