{
    "Model": "deepseek-coder-1.3b-base",
    "Model path": "RQ3/DC/500/deepseek-coder-1.3b-base/ia3_seed_42/best_model",
    "Precision": 0.8566647153147191,
    "Recall": 0.8511560693641618,
    "F1": 0.8505791222498245,
    "MCC": 0.7077993487162998
}