{
    "Model": "deepseek-coder-1.3b-base",
    "Model path": "RQ3/DC/500/deepseek-coder-1.3b-base/prefix_tuning_seed_42/best_model",
    "Precision": 0.8047259232296353,
    "Recall": 0.8041907514450868,
    "F1": 0.8041047416843594,
    "MCC": 0.6089164394956688
}