{
    "Model": "deepseek-coder-1.3b-base",
    "Model path": "RQ3/DC/100/deepseek-coder-1.3b-base/full_fine_tuning_seed_42/best_model",
    "Precision": 0.8728822055137844,
    "Recall": 0.8728323699421965,
    "F1": 0.8728281208233093,
    "MCC": 0.7457145737907432
}