{
    "Model": "deepseek-coder-1.3b-base",
    "Model path": "RQ3/DC/100/deepseek-coder-1.3b-base/prefix_tuning_seed_42/best_model",
    "Precision": 0.7629964239058401,
    "Recall": 0.7593930635838151,
    "F1": 0.75856608142407,
    "MCC": 0.522377059636135
}