{
    "Model": "graphcodebert-base",
    "Model path": "output/RQ3/CM/200/graphcodebert-base/lora_seed_42/best_model",
    "Precision": 0.8409996811224489,
    "Recall": 0.8758291965030971,
    "F1": 0.8520041109969168,
    "MCC": 0.7159822237012936
}