{
    "Model": "graphcodebert-base",
    "Model path": "output/RQ3/CM/200/graphcodebert-base/prefix_tuning_seed_42/best_model",
    "Precision": 0.8054304044923182,
    "Recall": 0.819592101216887,
    "F1": 0.8115227457180254,
    "MCC": 0.624862047966505
}