{
    "Model": "graphcodebert-base",
    "Model path": "output/RQ3/CM/200/graphcodebert-base/prompt_tuning_seed_42/best_model",
    "Precision": 0.8228245056988526,
    "Recall": 0.8503437596098933,
    "F1": 0.8326006266854711,
    "MCC": 0.6726055337885392
}