{
    "Model": "deepseek-coder-1.3b-base",
    "Model path": "output/RQ2/CM/r32/deepseek-coder-1.3b-base/lora_seed_42/best_model",
    "Precision": 0.8547691644337676,
    "Recall": 0.8795303782453983,
    "F1": 0.864528063216003,
    "MCC": 0.7338819391900899
}