{
    "model": "gpt-4o-mini",
    "smell": "CC",
    "precision": 0.7147706608814093,
    "recall": 0.6445652173913043,
    "f1": 0.6129336066111619,
    "mcc": 0.35241093785292776
}