{
    "model": "gpt-4o-mini",
    "smell": "CC",
    "precision": 0.6239153859241195,
    "recall": 0.6239130434782609,
    "f1": 0.6239112661212955,
    "mcc": 0.24782842939131014
}