{
    "model": "gpt-4o-mini",
    "smell": "CC",
    "precision": 0.7055602933651715,
    "recall": 0.6423913043478261,
    "f1": 0.6126315789473684,
    "mcc": 0.3421695386464934
}