{
    "model": "deepseek-v3",
    "smell": "CC",
    "precision": 0.6986776969334529,
    "recall": 0.6130434782608696,
    "f1": 0.5663112622418551,
    "mcc": 0.299727996117923
}