{
    "model": "deepseek-v3",
    "smell": "CC",
    "precision": 0.6871980676328503,
    "recall": 0.567391304347826,
    "f1": 0.48498964803312633,
    "mcc": 0.2246376811594203
}