{
    "model": "gpt-4o-mini",
    "smell": "CC",
    "precision": 0.6211669161637605,
    "recall": 0.6097826086956522,
    "f1": 0.6003963611241847,
    "mcc": 0.23066876809889122
}