{
    "model": "gpt-4o-mini",
    "smell": "CC",
    "precision": 0.6811355311355312,
    "recall": 0.5934782608695652,
    "f1": 0.5375268817204301,
    "mcc": 0.26024783904758503
}