{
    "model": "gpt-4o-mini",
    "smell": "CC",
    "precision": 0.697985347985348,
    "recall": 0.6021739130434782,
    "f1": 0.5474193548387096,
    "mcc": 0.2844569403543371
}