{
    "Model": "deepseek-coder-1.3b-base",
    "Model path": "output/RQ3/CM/1000/deepseek-coder-1.3b-base/ia3_seed_42/best_model",
    "Precision": 0.8034681842550209,
    "Recall": 0.8030740675657866,
    "F1": 0.8032704461266568,
    "MCC": 0.6065421237769814
}