{
    "Model": "starcoderbase-7b",
    "Model path": "output/RQ1/CM/starcoderbase-7b/prompt_tuning_seed_42/best_model",
    "Precision": 0.8364130434782608,
    "Recall": 0.8807055309054167,
    "F1": 0.8452674897119341,
    "MCC": 0.7157494151472241
}