{
    "Model": "graphcodebert-base",
    "Model path": "RQ3/CM/50/graphcodebert-base/ia3_seed_42/best_model",
    "Precision": 0.7258572231590781,
    "Recall": 0.725609756097561,
    "F1": 0.7255345745831445,
    "MCC": 0.4514669114333497
}