{
    "Model": "graphcodebert-base",
    "Model path": "RQ3/CM/50/graphcodebert-base/lora_seed_42/best_model",
    "Precision": 0.7503421412780293,
    "Recall": 0.7020905923344948,
    "F1": 0.6870089285714287,
    "MCC": 0.4498523829754054
}