{
    "Model": "deepseek-coder-1.3b-base",
    "Model path": "RQ1/CM/deepseek-coder-1.3b-base/ia3_seed_42/best_model",
    "Precision": 0.8193736698084524,
    "Recall": 0.8188153310104529,
    "F1": 0.8187361082433533,
    "MCC": 0.6381887565791327
}