{
    "Model": "deepseek-coder-1.3b-base",
    "Model path": "RQ1/CM/deepseek-coder-1.3b-base/lora_seed_42/best_model",
    "Precision": 0.7939361768563042,
    "Recall": 0.7857142857142857,
    "F1": 0.7842052498380057,
    "MCC": 0.5795921490706613
}