{
    "Model": "deepseek-coder-1.3b-base",
    "Model path": "RQ1/CM/deepseek-coder-1.3b-base/prompt_tuning_seed_42/best_model",
    "Precision": 0.8195747342088806,
    "Recall": 0.8179442508710801,
    "F1": 0.8177117403357941,
    "MCC": 0.6375169000594951
}