{
    "Model": "deepseek-coder-1.3b-base",
    "Model path": "output/RQ1/CM/deepseek-coder-1.3b-base/prompt_tuning_seed_42/best_model",
    "Precision": 0.8582915352396712,
    "Recall": 0.8804968589377499,
    "F1": 0.8673765293456275,
    "MCC": 0.7384546126680473
}