{
    "Model": "deepseek-coder-1.3b-base",
    "Model path": "/home/liangpeng/project/Mabel/PEFTonCodeSmellDetection/output/1st/RQ2/DC/r64/deepseek-coder-1.3b-base/lora_seed_42/best_model",
    "Precision": 0.8330719554255042,
    "Recall": 0.8273121387283238,
    "F1": 0.826562323855965,
    "MCC": 0.660358975348247
}