{
    "Model": "deepseek-coder-1.3b-base",
    "Model path": "RQ1/DC/deepseek-coder-1.3b-base/prefix_tuning_seed_42/best_model",
    "Precision": 0.8246178759860001,
    "Recall": 0.824421965317919,
    "F1": 0.8243954704733321,
    "MCC": 0.649039811736404
}