{
    "Model": "graphcodebert-base",
    "Model path": "/home/liangpeng/project/Mabel/PEFTonCodeSmellDetection/output/1st/RQ2/CC/r64/graphcodebert-base/lora_seed_42/best_model",
    "Precision": 0.7369610011531409,
    "Recall": 0.7369565217391304,
    "F1": 0.7369552786166286,
    "MCC": 0.47391752287110184
}