{
    "Model": "graphcodebert-base",
    "Model path": "RQ3/DC/50/graphcodebert-base/full_fine_tuning_seed_42/best_model",
    "Precision": 0.8214626920615999,
    "Recall": 0.8063583815028901,
    "F1": 0.804056723980906,
    "MCC": 0.6276393552146128
}