{
    "Model": "deepseek-coder-1.3b-base",
    "Model path": "RQ3/CC/500/deepseek-coder-1.3b-base/full_fine_tuning_seed_42/best_model",
    "Precision": 0.6608492202025256,
    "Recall": 0.6336956521739131,
    "F1": 0.6175551605506002,
    "MCC": 0.2932905821648013
}