{
    "Model": "deepseek-coder-1.3b-base",
    "Model path": "RQ3/CC/500/deepseek-coder-1.3b-base/ia3_seed_42/best_model",
    "Precision": 0.5497311634209274,
    "Recall": 0.5489130434782609,
    "F1": 0.5470501910622492,
    "MCC": 0.09864081424303676
}