{
    "Model": "deepseek-coder-1.3b-base",
    "Model path": "output/RQ3/CC/500/deepseek-coder-1.3b-base/lora_seed_42/best_model",
    "Precision": 0.7294419371794174,
    "Recall": 0.7294419371794174,
    "F1": 0.7294419371794174,
    "MCC": 0.45888387435883493
}