{
    "Model": "deepseek-coder-1.3b-base",
    "Model path": "RQ3/CC/500/deepseek-coder-1.3b-base/prefix_tuning_seed_42/best_model",
    "Precision": 0.5913841403000538,
    "Recall": 0.5858695652173913,
    "F1": 0.5795261932437734,
    "MCC": 0.1771679022320997
}