{
    "model": "deeepseek-v3",
    "smell": "CC",
    "precision": 0.7003452970232475,
    "recall": 0.6815217391304347,
    "f1": 0.6738610969620783,
    "mcc": 0.38140281457935477
}