{
    "model": "deepseek-v3",
    "smell": "CC",
    "precision": 0.696747227997228,
    "recall": 0.6717391304347826,
    "f1": 0.6609656572756204,
    "mcc": 0.36763676558090785
}