{
    "model": "deepseek-v3",
    "smell": "CC",
    "precision": 0.6944754118667162,
    "recall": 0.6706521739130435,
    "f1": 0.6602472458161635,
    "mcc": 0.3643495673536041
}