{
    "model": "deepseek-v3",
    "smell": "CC",
    "precision": 0.7177128967659384,
    "recall": 0.7163043478260869,
    "f1": 0.715844744157315,
    "mcc": 0.43401495895088454
}