{
    "Model": "unixcoder-base",
    "Model path": "RQ1/DC/unixcoder-base/ia3_seed_42/best_model",
    "Precision": 0.853516724246911,
    "Recall": 0.8410404624277457,
    "F1": 0.839625483788732,
    "MCC": 0.6944451227076431
}