{
    "Model": "deepseek-coder-6.7b-base",
    "Model path": "output/RQ1/CM/deepseek-coder-6.7b-base/ia3_seed_42/best_model",
    "Precision": 0.8558222892986842,
    "Recall": 0.8314369810657647,
    "F1": 0.8418184295381261,
    "MCC": 0.686826514808696
}