{
    "Model": "deepseek-coder-6.7b-base",
    "Model path": "/home/nas2/path/20_JP/Beiqi/PEFTonCodeSmellDetection/output/1st/CM/deepseek-coder-6.7b-base/lora_seed_42/best_model",
    "Precision": 0.8218538273476501,
    "Recall": 0.8144599303135889,
    "F1": 0.8133881793587137,
    "MCC": 0.6362707980691992
}