{
    "Model": "deepseek-coder-6.7b-base",
    "Model path": "/home/nas2/path/20_JP/Beiqi/PEFTonCodeSmellDetection/output/1st/CM/deepseek-coder-6.7b-base/prefix_tuning_seed_42/best_model",
    "Precision": 0.8042900042900043,
    "Recall": 0.8013937282229966,
    "F1": 0.8009200102223357,
    "MCC": 0.6056768077248987
}