{
    "Model": "deepseek-coder-6.7b-base",
    "Model path": "/home/nas2/path/20_JP/Beiqi/PEFTonCodeSmellDetection/output/1st/CM/deepseek-coder-6.7b-base/prompt_tuning_seed_42/best_model",
    "Precision": 0.8184483243547305,
    "Recall": 0.8127177700348431,
    "F1": 0.8118714152327597,
    "MCC": 0.6311400791061959
}