{
    "model": "gpt-4o-mini",
    "smell": "FE",
    "precision": 0.7096774193548387,
    "recall": 0.7096774193548387,
    "f1": 0.7096774193548387,
    "mcc": 0.41935483870967744
}