{
    "model": "gpt-4o-mini",
    "smell": "FE",
    "precision": 0.7246376811594203,
    "recall": 0.7096774193548387,
    "f1": 0.7047619047619047,
    "mcc": 0.4340573661412156
}