{
    "model": "gpt-4o-mini",
    "smell": "FE",
    "precision": 0.6699561403508771,
    "recall": 0.6612903225806451,
    "f1": 0.6569169960474308,
    "mcc": 0.33113308926626095
}