{
    "model": "deepseek-v3",
    "smell": "FE",
    "precision": 0.6761363636363636,
    "recall": 0.6612903225806451,
    "f1": 0.6539994685091681,
    "mcc": 0.3370999312316211
}