{
    "Model": "graphcodebert-base",
    "Model path": "RQ3/CM/250/graphcodebert-base/prefix_tuning_seed_42/best_model",
    "Precision": 0.7367724379101868,
    "Recall": 0.7334494773519165,
    "F1": 0.7325109649122807,
    "MCC": 0.4702101737796501
}