{
    "Model": "graphcodebert-base",
    "Model path": "RQ3/CM/250/graphcodebert-base/prompt_tuning_seed_42/best_model",
    "Precision": 0.7103292980711629,
    "Recall": 0.7099303135888502,
    "F1": 0.7097926862874151,
    "MCC": 0.42025942226678026
}