{
    "Model": "graphcodebert-base",
    "Model path": "RQ1/CC/graphcodebert-base/full_fine_tuning_seed_42/best_model",
    "Precision": 0.7406279143529367,
    "Recall": 0.7402173913043478,
    "F1": 0.7401065435517749,
    "MCC": 0.4808451304146419
}