{
    "Model": "graphcodebert-base",
    "Model path": "output/RQ1/CC/graphcodebert-base/ia3_seed_42/best_model",
    "Precision": 0.8332525478498632,
    "Recall": 0.7429947619306545,
    "F1": 0.7757676080715644,
    "MCC": 0.5691348646061373
}