{
    "Model": "graphcodebert-base",
    "Model path": "RQ1/CC/graphcodebert-base/ia3_seed_42/best_model",
    "Precision": 0.7250010633320574,
    "Recall": 0.7250000000000001,
    "F1": 0.7249996750941341,
    "MCC": 0.45000106333080103
}