{
    "Model": "graphcodebert-base",
    "Model path": "output/RQ1/CC/graphcodebert-base/lora_seed_42/best_model",
    "Precision": 0.8471742467856458,
    "Recall": 0.6967402533848077,
    "F1": 0.7381650750341064,
    "MCC": 0.5226974240659227
}