{
    "Model": "graphcodebert-base",
    "Model path": "RQ1/CC/graphcodebert-base/lora_seed_42/best_model",
    "Precision": 0.7315228332837111,
    "Recall": 0.7315217391304347,
    "F1": 0.7315214219298464,
    "MCC": 0.46304457241285324
}