{
    "Model": "graphcodebert-base",
    "Model path": "RQ1/CC/graphcodebert-base/prefix_tuning_seed_42/best_model",
    "Precision": 0.7008350232613623,
    "Recall": 0.6989130434782609,
    "F1": 0.6981909696521096,
    "MCC": 0.39974344629497
}