{
    "Model": "unixcoder-base",
    "Model path": "RQ1/CC/unixcoder-base/full_fine_tuning_seed_42/best_model",
    "Precision": 0.7305437352245863,
    "Recall": 0.7304347826086957,
    "F1": 0.7304029304029304,
    "MCC": 0.46097850495776577
}