{
    "Model": "unixcoder-base",
    "Model path": "output/RQ1/CC/unixcoder-base/ia3_seed_42/best_model",
    "Precision": 0.7432567032262496,
    "Recall": 0.692553422869882,
    "F1": 0.712074038248393,
    "MCC": 0.4328506016734062
}