{
    "Model": "unixcoder-base",
    "Model path": "RQ1/CC/unixcoder-base/ia3_seed_42/best_model",
    "Precision": 0.735066999772882,
    "Recall": 0.7347826086956522,
    "F1": 0.7347023674457303,
    "MCC": 0.46984952240025757
}