{
    "Model": "codebert-base",
    "Model path": "RQ1/DC/codebert-base/ia3_seed_42/best_model",
    "Precision": 0.8473692199273595,
    "Recall": 0.8345375722543353,
    "F1": 0.8329953044815301,
    "MCC": 0.6817860529825499
}