{
    "Model": "deepseek-coder-1.3b-base",
    "Model path": "RQ3/CM/50/deepseek-coder-1.3b-base/ia3_seed_42/best_model",
    "Precision": 0.5907012195121951,
    "Recall": 0.5888501742160279,
    "F1": 0.5867417135709818,
    "MCC": 0.17954185200409092
}