{
    "Model": "deepseek-coder-1.3b-base",
    "Model path": "RQ3/CM/50/deepseek-coder-1.3b-base/prompt_tuning_seed_42/best_model",
    "Precision": 0.6327895243890072,
    "Recall": 0.627177700348432,
    "F1": 0.6231966747956257,
    "MCC": 0.2599066474113809
}