{
    "Model": "starcoderbase-1b",
    "Model path": "RQ1/DC/starcoderbase-1b/prompt_tuning_seed_42/best_model",
    "Precision": 0.8640292669297663,
    "Recall": 0.8482658959537572,
    "F1": 0.8466053031582502,
    "MCC": 0.7121207167346967
}