{
    "Model": "graphcodebert-base",
    "Model path": "/home/liangpeng/project/Mabel/PEFTonCodeSmellDetection/output/1st/RQ2/FE/r1280/graphcodebert-base/lora_seed_42/best_model",
    "Precision": 0.773989898989899,
    "Recall": 0.7258064516129032,
    "F1": 0.7131972789115646,
    "MCC": 0.49746833816309105
}