{
    "Model": "graphcodebert-base",
    "Model path": "RQ1/DC/graphcodebert-base/lora_seed_42/best_model",
    "Precision": 0.8648712589779226,
    "Recall": 0.8591040462427746,
    "F1": 0.8585450815483308,
    "MCC": 0.7239523339465582
}