{
    "Model": "graphcodebert-base",
    "Model path": "RQ1/DC/graphcodebert-base/prefix_tuning_seed_42/best_model",
    "Precision": 0.8995245372728816,
    "Recall": 0.8930635838150289,
    "F1": 0.8926294954374665,
    "MCC": 0.7925617867208081
}