{
    "Model": "graphcodebert-base",
    "Model path": "RQ3/DC/100/graphcodebert-base/ia3_seed_42/best_model",
    "Precision": 0.829587699259022,
    "Recall": 0.8265895953757225,
    "F1": 0.8261943383391763,
    "MCC": 0.6561704453625424
}