{
    "Model": "graphcodebert-base",
    "Model path": "RQ3/DC/100/graphcodebert-base/lora_seed_42/best_model",
    "Precision": 0.8445838621025826,
    "Recall": 0.8424855491329479,
    "F1": 0.8422453909460716,
    "MCC": 0.6870662070995925
}