{
    "Model": "codet5-base",
    "Model path": "output/RQ1/CC/codet5-base/ia3_seed_42/best_model",
    "Precision": 0.6242074017936087,
    "Recall": 0.6782302938031284,
    "F1": 0.6311304436304437,
    "MCC": 0.29757366626903053
}