{
    "Model": "codet5-base",
    "Model path": "RQ1/CC/codet5-base/ia3_seed_42/best_model",
    "Precision": 0.4748305622633526,
    "Recall": 0.4836956521739131,
    "F1": 0.43384321991628133,
    "MCC": -0.04051524490585432
}