{
    "Model": "graphcodebert-base",
    "Model path": "/home/liangpeng/project/Mabel/PEFTonCodeSmellDetection/output/1st/RQ2/CC/r2560/graphcodebert-base/lora_seed_42/best_model",
    "Precision": 0.7320228790817026,
    "Recall": 0.7239130434782609,
    "F1": 0.721479277810356,
    "MCC": 0.45586379111209324
}