{
    "model": "deeepseek-v3",
    "smell": "FE",
    "precision": 0.7348484848484849,
    "recall": 0.6935483870967742,
    "f1": 0.6794557823129252,
    "mcc": 0.4264014327112209
}