{
    "model": "deepseek-v3",
    "smell": "FE",
    "precision": 0.7429467084639498,
    "recall": 0.7419354838709677,
    "f1": 0.7416666666666667,
    "mcc": 0.48488113787642695
}