{
    "model": "deepseek-v3",
    "smell": "FE",
    "precision": 0.7700348432055749,
    "recall": 0.7419354838709677,
    "f1": 0.7350427350427351,
    "mcc": 0.5111986324432477
}