{
    "model": "deepseek-v3",
    "smell": "FE",
    "precision": 0.7379385964912281,
    "recall": 0.7258064516129032,
    "f1": 0.722266139657444,
    "mcc": 0.4635863249727653
}