{
    "Model": "deepseek-coder-1.3b-base",
    "Model path": "/home/liangpeng/project/Mabel/PEFTonCodeSmellDetection/output/1st/RQ2/FE/r640/deepseek-coder-1.3b-base/lora_seed_42/best_model",
    "Precision": 0.7178378378378378,
    "Recall": 0.7096774193548387,
    "F1": 0.7069327731092436,
    "MCC": 0.4274373669939289
}