{
    "Model": "deepseek-coder-1.3b-base",
    "Model path": "/home/liangpeng/project/Mabel/PEFTonCodeSmellDetection/output/1st/RQ2/CC/r2560/deepseek-coder-1.3b-base/lora_seed_42/best_model",
    "Precision": 0.7504545432148646,
    "Recall": 0.7402173913043478,
    "F1": 0.7375353774570248,
    "MCC": 0.49056513129816653
}