{
    "Model": "starcoderbase-3b",
    "Model path": "RQ1/CM/starcoderbase-3b/ia3_seed_42/best_model",
    "Precision": 0.8267128802672861,
    "Recall": 0.8214285714285714,
    "F1": 0.8207035788431136,
    "MCC": 0.6481199098056707
}