{
    "Model": "starcoderbase-3b",
    "Model path": "output/RQ1/CM/starcoderbase-3b/prompt_tuning_seed_42/best_model",
    "Precision": 0.8452551613004489,
    "Recall": 0.862375345956157,
    "F1": 0.8526007616162535,
    "MCC": 0.7074233768243708
}