{
    "model": "deepseek-v3",
    "smell": "CC",
    "precision": 0.7238268553299987,
    "recall": 0.7173913043478262,
    "f1": 0.7153451796705048,
    "mcc": 0.44117122312435825
}