{
    "model": "deepseek-v3",
    "smell": "CC",
    "precision": 0.7016628873771731,
    "recall": 0.6576086956521738,
    "f1": 0.6378292248570625,
    "mcc": 0.35656037155560344
}