{
    "model": "deepseek-v3",
    "smell": "CC",
    "precision": 0.7014928955453148,
    "recall": 0.658695652173913,
    "f1": 0.6395560080653211,
    "mcc": 0.35763694701176435
}