{
    "model": "deepseek-v3",
    "smell": "CC",
    "precision": 0.6906352809160694,
    "recall": 0.6413043478260869,
    "f1": 0.6164942827836755,
    "mcc": 0.32825352423081816
}