{
    "Model": "codebert-base",
    "Model path": "RQ1/CC/codebert-base/ia3_seed_42/best_model",
    "Precision": 0.7072318263727995,
    "Recall": 0.6978260869565218,
    "F1": 0.6943580036233443,
    "MCC": 0.40494869454875015
}