{
    "model": "deeepseek-v3",
    "smell": "CM",
    "precision": 0.7974296484415038,
    "recall": 0.7378048780487805,
    "f1": 0.7239712266995778,
    "mcc": 0.5319030786740135
}