{
    "model": "deepseek-v3",
    "smell": "CM",
    "precision": 0.7971146138384135,
    "recall": 0.7238675958188153,
    "f1": 0.7057312366426534,
    "mcc": 0.5158074612978815
}