{
    "model": "deepseek-v3",
    "smell": "CM",
    "precision": 0.7936603375527427,
    "recall": 0.6689895470383276,
    "f1": 0.6296862213801371,
    "mcc": 0.4455357558093866
}