{
    "model": "deepseek-v3",
    "smell": "CM",
    "precision": 0.7941004245352071,
    "recall": 0.725609756097561,
    "f1": 0.7086470481600097,
    "mcc": 0.5151773482892168
}