{
    "Model": "codet5-base",
    "Model path": "output/RQ1/CM/codet5-base/ia3_seed_42/best_model",
    "Precision": 0.42002329983981357,
    "Recall": 0.43214317093528976,
    "F1": 0.4236197823513576,
    "MCC": -0.14733587848082838
}