{
    "Model": "deepseek-coder-1.3b-base",
    "Model path": "/home/liangpeng/project/Mabel/PEFTonCodeSmellDetection/output/1st/RQ2/CM/r2560/deepseek-coder-1.3b-base/lora_seed_42/best_model",
    "Precision": 0.8034246661548337,
    "Recall": 0.7926829268292683,
    "F1": 0.7908317001469869,
    "MCC": 0.5960108031315887
}