{
    "model": "deepseek-v3",
    "smell": "CM",
    "precision": 0.7890549176875606,
    "recall": 0.6437282229965157,
    "f1": 0.5925103384233525,
    "mcc": 0.4076535277297975
}