{
    "model": "gpt-4o-mini",
    "smell": "CM",
    "precision": 0.7906403436988543,
    "recall": 0.6724738675958188,
    "f1": 0.6354164203157571,
    "mcc": 0.4477850562808878
}