{
    "model": "gpt-4o-mini",
    "smell": "CM",
    "precision": 0.7382748188278336,
    "recall": 0.6541811846689896,
    "f1": 0.6207163145179478,
    "mcc": 0.38334054752224817
}