{
    "model": "gpt-4o-mini",
    "smell": "CM",
    "precision": 0.7855522002478661,
    "recall": 0.6489547038327527,
    "f1": 0.6012703665878074,
    "mcc": 0.412477118961582
}