{
    "Model": "graphcodebert-base",
    "Model path": "output/RQ3/CC/1000/graphcodebert-base/lora_seed_42/best_model",
    "Precision": 0.7507756906898537,
    "Recall": 0.7446395882043753,
    "F1": 0.7476267691721961,
    "MCC": 0.4953772772424413
}