{
    "Model": "graphcodebert-base",
    "Model path": "output/RQ3/CC/1000/graphcodebert-base/prompt_tuning_seed_42/best_model",
    "Precision": 0.7166540948275861,
    "Recall": 0.6822041578308231,
    "F1": 0.6962944410477026,
    "MCC": 0.3973677233427981
}