{
    "Model": "graphcodebert-base",
    "Model path": "output/RQ2/CC/r2560/graphcodebert-base/lora_seed_42/best_model",
    "Precision": 0.7601368582114927,
    "Recall": 0.777332209595273,
    "F1": 0.768129285701759,
    "MCC": 0.5371939302894831
}