{
    "Model": "deepseek-coder-1.3b-base",
    "Model path": "/home/liangpeng/project/Mabel/PEFTonCodeSmellDetection/output/1st/RQ2/CM/r1280/deepseek-coder-1.3b-base/lora_seed_42/best_model",
    "Precision": 0.802339136902503,
    "Recall": 0.8022648083623694,
    "F1": 0.8022526545674191,
    "MCC": 0.6046039406959873
}