{
    "Model": "graphcodebert-base",
    "Model path": "RQ3/CC/50/graphcodebert-base/full_fine_tuning_seed_42/best_model",
    "Precision": 0.5977475563110922,
    "Recall": 0.5945652173913043,
    "F1": 0.5912382327331029,
    "MCC": 0.19228644166479547
}