{
    "Model": "graphcodebert-base",
    "Model path": "RQ3/CC/50/graphcodebert-base/prompt_tuning_seed_42/best_model",
    "Precision": 0.49537818503335745,
    "Recall": 0.4956521739130435,
    "F1": 0.4880650855783253,
    "MCC": -0.008965455410865547
}