{
    "Model": "codet5-base",
    "Model path": "RQ1/DC/codet5-base/ia3_seed_42/best_model",
    "Precision": 0.48556830031282583,
    "Recall": 0.4877167630057804,
    "F1": 0.4679136976206602,
    "MCC": -0.026628404945618925
}