{
    "Model": "starcoderbase-7b",
    "Model path": "output/RQ1/CC/starcoder/starcoderbase-7b/lora_seed_42/best_model",
    "Precision": 0.6967254698489566,
    "Recall": 0.6546227321334711,
    "F1": 0.6702927749833895,
    "MCC": 0.3488164539025443
}