{
    "Model": "starcoderbase-3b",
    "Model path": "RQ1/DC/starcoderbase-3b/ia3_seed_42/best_model",
    "Precision": 0.8642982899841307,
    "Recall": 0.8504335260115607,
    "F1": 0.8489967747733407,
    "MCC": 0.7145973251534629
}