{
    "Model": "graphcodebert-base",
    "Model path": "RQ3/CC/500/graphcodebert-base/ia3_seed_42/best_model",
    "Precision": 0.6707885787798383,
    "Recall": 0.6706521739130435,
    "F1": 0.6705864001673303,
    "MCC": 0.3414407254461512
}