{
    "Model": "graphcodebert-base",
    "Model path": "output/RQ3/CC/500/graphcodebert-base/ia3_seed_42/best_model",
    "Precision": 0.7611749074689191,
    "Recall": 0.6496384100918927,
    "F1": 0.6786738985739169,
    "MCC": 0.39538233602196377
}