{
    "Model": "graphcodebert-base",
    "Model path": "output/RQ3/CC/500/graphcodebert-base/lora_seed_42/best_model",
    "Precision": 0.7870904325032766,
    "Recall": 0.6786607579794465,
    "F1": 0.7108020276025171,
    "MCC": 0.4529538355271208
}