{
    "Model": "graphcodebert-base",
    "Model path": "output/RQ3/CC/500/graphcodebert-base/prefix_tuning_seed_42/best_model",
    "Precision": 0.7504764888645206,
    "Recall": 0.6738803400213873,
    "F1": 0.699189966723674,
    "MCC": 0.4173868088530161
}