{
    "Model": "graphcodebert-base",
    "Model path": "RQ3/CC/500/graphcodebert-base/prompt_tuning_seed_42/best_model",
    "Precision": 0.5963286704672557,
    "Recall": 0.592391304347826,
    "F1": 0.5881831236250389,
    "MCC": 0.18867889665314097
}