{
    "Model": "graphcodebert-base",
    "Model path": "output/RQ3/CC/500/graphcodebert-base/prompt_tuning_seed_42/best_model",
    "Precision": 0.6837114692536379,
    "Recall": 0.606401681982129,
    "F1": 0.6244072618886329,
    "MCC": 0.27962266952445214
}