{
    "Model": "graphcodebert-base",
    "Model path": "output/RQ2/CM/r1280/graphcodebert-base/lora_seed_42/best_model",
    "Precision": 0.836911388903732,
    "Recall": 0.7942988621886395,
    "F1": 0.8100774939468107,
    "MCC": 0.6297702387784375
}