{
    "Model": "codellama-7b-hf",
    "Model path": "/home/nas2/path/20_JP/Beiqi/PEFTonCodeSmellDetection/output/1st/FE/codellama-7b-hf/ia3_seed_42/best_model",
    "Precision": 0.7419354838709677,
    "Recall": 0.7419354838709677,
    "F1": 0.7419354838709677,
    "MCC": 0.4838709677419355
}