{
    "Model": "codellama-7b-hf",
    "Model path": "/home/nas2/path/20_JP/Beiqi/PEFTonCodeSmellDetection/output/1st/FE/codellama-7b-hf/lora_seed_42/best_model",
    "Precision": 0.7788359788359789,
    "Recall": 0.7741935483870968,
    "F1": 0.7732497387669801,
    "MCC": 0.5530100413375022
}