{
    "Model": "graphcodebert-base",
    "Model path": "output/RQ3/CM/100/graphcodebert-base/full_fine_tuning_seed_42/best_model",
    "Precision": 0.8286527886881383,
    "Recall": 0.8675921451478277,
    "F1": 0.8386768918044905,
    "MCC": 0.6951551872860863
}