{
    "Model": "graphcodebert-base",
    "Model path": "RQ3/CM/100/graphcodebert-base/full_fine_tuning_seed_42/best_model",
    "Precision": 0.7579931972789116,
    "Recall": 0.7578397212543554,
    "F1": 0.757803701578802,
    "MCC": 0.5158328957013675
}