{
    "Model": "graphcodebert-base",
    "Model path": "RQ3/CM/100/graphcodebert-base/ia3_seed_42/best_model",
    "Precision": 0.7248196248196248,
    "Recall": 0.7151567944250872,
    "F1": 0.7120628835591063,
    "MCC": 0.43987029815635986
}