{
    "Model": "graphcodebert-base",
    "Model path": "output/RQ3/CM/100/graphcodebert-base/lora_seed_42/best_model",
    "Precision": 0.8307521494049992,
    "Recall": 0.8189935421517375,
    "F1": 0.82437699600171,
    "MCC": 0.6496392836428578
}