{
    "Model": "graphcodebert-base",
    "Model path": "RQ3/CM/100/graphcodebert-base/prefix_tuning_seed_42/best_model",
    "Precision": 0.6953745952310864,
    "Recall": 0.6933797909407666,
    "F1": 0.6925951283338658,
    "MCC": 0.38874926819699274
}