{
    "Model": "graphcodebert-base",
    "Model path": "output/RQ3/CM/100/graphcodebert-base/prefix_tuning_seed_42/best_model",
    "Precision": 0.7654910714285714,
    "Recall": 0.7612573035188683,
    "F1": 0.7632811202745338,
    "MCC": 0.5267313601059418
}