{
    "Model": "graphcodebert-base",
    "Model path": "RQ3/CM/100/graphcodebert-base/prompt_tuning_seed_42/best_model",
    "Precision": 0.6960508621508281,
    "Recall": 0.6942508710801394,
    "F1": 0.6935474671053383,
    "MCC": 0.3902975826151666
}