{
    "Model": "starcoderbase-1b",
    "Model path": "output/RQ1/CC/starcoder/starcoderbase-1b/lora_seed_42/best_model",
    "Precision": 0.8353212167108418,
    "Recall": 0.5481530821235024,
    "F1": 0.5421127713394905,
    "MCC": 0.2541397260251134
}