{
    "Model": "starcoderbase-1b",
    "Model path": "output/RQ1/CC/starcoderbase-1b/prefix_tuning_seed_42/best_model",
    "Precision": 0.7684004552211074,
    "Recall": 0.7094548057926884,
    "F1": 0.7320056754839364,
    "MCC": 0.4742057157943427
}