{
    "model": "gpt-4o-mini",
    "smell": "DC",
    "precision": 0.8412678332981938,
    "recall": 0.8046539738838745,
    "f1": 0.7993670614025661,
    "mcc": 0.6448832501252745
}