{
    "model": "gpt-4o-mini",
    "smell": "DC",
    "precision": 0.8487403239678899,
    "recall": 0.8251445086705202,
    "f1": 0.8221359322293122,
    "mcc": 0.6734716067961221
}