{
    "model": "gpt-4o-mini",
    "smell": "DC",
    "precision": 0.8363172799514657,
    "recall": 0.8171965317919074,
    "f1": 0.8145608243906599,
    "mcc": 0.6532340309025333
}