{
    "model": "gpt-4o-mini",
    "smell": "DC",
    "precision": 0.5650555290932338,
    "recall": 0.565028901734104,
    "f1": 0.5649843885425478,
    "mcc": 0.1300844281021221
}