{
    "Model": "graphcodebert-base",
    "Model path": "output/RQ2/CM/r32/graphcodebert-base/lora_seed_42/best_model",
    "Precision": 0.8572810246635447,
    "Recall": 0.8818751921978649,
    "F1": 0.8670280897202942,
    "MCC": 0.7387469389771879
}