{
    "Model": "graphcodebert-base",
    "Model path": "/home/liangpeng/project/Mabel/PEFTonCodeSmellDetection/output/1st/RQ2/DC/r640/graphcodebert-base/lora_seed_42/best_model",
    "Precision": 0.8552922590837283,
    "Recall": 0.838150289017341,
    "F1": 0.8361742424242424,
    "MCC": 0.6932306401041048
}