{
    "model": "deeepseek-v3",
    "smell": "FE",
    "precision": 0.6291666666666667,
    "recall": 0.6290322580645161,
    "f1": 0.628935727296383,
    "mcc": 0.2581988897471611
}