{
    "model": "deepseek-v3",
    "smell": "FE",
    "precision": 0.71055381400209,
    "recall": 0.7096774193548387,
    "f1": 0.709375,
    "mcc": 0.42023031949290335
}