{
    "model": "deepseek-v3",
    "smell": "FE",
    "precision": 0.7465909090909091,
    "recall": 0.7258064516129032,
    "f1": 0.719904331650279,
    "mcc": 0.47193990372426947
}