{
    "model": "deepseek-v3",
    "smell": "FE",
    "precision": 0.6359649122807017,
    "recall": 0.6290322580645161,
    "f1": 0.6242424242424243,
    "mcc": 0.26490647141300877
}