{
    "model": "deeepseek-v3",
    "smell": "CM",
    "precision": 0.7519410089344933,
    "recall": 0.735191637630662,
    "f1": 0.7307160493827161,
    "mcc": 0.4868446096142989
}