{
    "model": "deepseek-v3",
    "smell": "CM",
    "precision": 0.7739147033158813,
    "recall": 0.7439024390243902,
    "f1": 0.7366898527387963,
    "mcc": 0.5169466673589672
}