{
    "model": "deepseek-v3",
    "smell": "CM",
    "precision": 0.7847472527472528,
    "recall": 0.7064459930313589,
    "f1": 0.6847754792418824,
    "mcc": 0.48491207184955887
}