{
    "model": "deepseek-v3",
    "smell": "CM",
    "precision": 0.7621270550030445,
    "recall": 0.735191637630662,
    "f1": 0.7282095373381681,
    "mcc": 0.49658872856104436
}