{
    "Model": "deepseek-coder-1.3b-base",
    "Model path": "/home/liangpeng/project/Mabel/PEFTonCodeSmellDetection/output/1st/RQ2/CC/r64/deepseek-coder-1.3b-base/lora_seed_42/best_model",
    "Precision": 0.7193500633424907,
    "Recall": 0.7184782608695652,
    "F1": 0.7181982570110423,
    "MCC": 0.4378274562459341
}