{
    "Model": "deepseek-coder-1.3b-base",
    "Model path": "output/RQ3/CC/200/deepseek-coder-1.3b-base/full_fine_tuning_seed_42/best_model",
    "Precision": 0.7096707894672262,
    "Recall": 0.8097121780581081,
    "F1": 0.727565012491483,
    "MCC": 0.5096571274143339
}