{
    "Model": "deepseek-coder-1.3b-base",
    "Model path": "output/RQ3/CC/200/deepseek-coder-1.3b-base/ia3_seed_42/best_model",
    "Precision": 0.7063492063492063,
    "Recall": 0.6284142605984812,
    "F1": 0.6496707488843501,
    "MCC": 0.32556523621797673
}