{
    "Model": "deepseek-coder-1.3b-base",
    "Model path": "output/RQ3/CC/200/deepseek-coder-1.3b-base/prefix_tuning_seed_42/best_model",
    "Precision": 0.7294504747334936,
    "Recall": 0.6712613053486307,
    "F1": 0.6919942226348912,
    "MCC": 0.39646431272295424
}