{
    "Model": "deepseek-coder-1.3b-base",
    "Model path": "output/RQ3/CC/200/deepseek-coder-1.3b-base/prompt_tuning_seed_42/best_model",
    "Precision": 0.7616414128081939,
    "Recall": 0.589822014391097,
    "F1": 0.6080064724919094,
    "MCC": 0.30660175307107795
}