{
    "Model": "deepseek-coder-1.3b-base",
    "Model path": "RQ1/FE/deepseek-coder-1.3b-base/ia3_seed_42/best_model",
    "Precision": 0.8387096774193549,
    "Recall": 0.8387096774193549,
    "F1": 0.8387096774193549,
    "MCC": 0.6774193548387096
}