{
    "Model": "deepseek-coder-1.3b-base",
    "Model path": "RQ1/FE/deepseek-coder-1.3b-base/prompt_tuning_seed_42/best_model",
    "Precision": 0.7930672268907563,
    "Recall": 0.7903225806451613,
    "F1": 0.7898305084745763,
    "MCC": 0.583383351196948
}