{
    "Model": "graphcodebert-base",
    "Model path": "RQ3/DC/250/graphcodebert-base/ia3_seed_42/best_model",
    "Precision": 0.8232894672430343,
    "Recall": 0.8171965317919075,
    "F1": 0.8163311444264177,
    "MCC": 0.6404570173691408
}