{
    "Model": "graphcodebert-base",
    "Model path": "RQ3/DC/250/graphcodebert-base/prompt_tuning_seed_42/best_model",
    "Precision": 0.8246953272286561,
    "Recall": 0.8222543352601157,
    "F1": 0.8219196424835344,
    "MCC": 0.6469450574450238
}