{
    "Model": "starcoderbase-3b",
    "Model path": "RQ1/FE/starcoderbase-3b/prefix_tuning_seed_42/best_model",
    "Precision": 0.6804232804232804,
    "Recall": 0.6774193548387097,
    "F1": 0.6760710553814002,
    "MCC": 0.3578300267477955
}