{
    "Model": "deepseek-coder-1.3b-base",
    "Model path": "/home/liangpeng/project/Mabel/PEFTonCodeSmellDetection/output/1st/RQ2/CM/r64/deepseek-coder-1.3b-base/lora_seed_42/best_model",
    "Precision": 0.8000924034626982,
    "Recall": 0.7996515679442509,
    "F1": 0.7995779629882649,
    "MCC": 0.5997438093911641
}