{
    "Model": "codebert-base",
    "Model path": "output/RQ1/CM/codebert-base/ia3_seed_42/best_model",
    "Precision": 0.8616885397707316,
    "Recall": 0.8732043228045512,
    "F1": 0.8669602215168501,
    "MCC": 0.7348026307827236
}