{
    "model": "deeepseek-v3",
    "smell": "DC",
    "precision": 0.8757350975674953,
    "recall": 0.8757225433526011,
    "f1": 0.8757215052416155,
    "mcc": 0.7514576408152281
}