{
    "model": "deeepseek-v3",
    "smell": "DC",
    "precision": 0.8685094226142742,
    "recall": 0.8684971098265897,
    "f1": 0.8684960113603141,
    "mcc": 0.7370065323380122
}