{
    "model": "deeepseek-v3",
    "smell": "DC",
    "precision": 0.8750383759907271,
    "recall": 0.875,
    "f1": 0.8749968022462067,
    "mcc": 0.7500383750089662
}