{
    "model": "deepseek-v3",
    "smell": "DC",
    "precision": 0.8668880127997323,
    "recall": 0.8663294797687862,
    "f1": 0.8662785869734955,
    "mcc": 0.733217279835465
}