{
    "Model": "graphcodebert-base",
    "Model path": "RQ3/DC/500/graphcodebert-base/ia3_seed_42/best_model",
    "Precision": 0.8484360680129815,
    "Recall": 0.8374277456647399,
    "F1": 0.836133465450946,
    "MCC": 0.6857754645302101
}