{
    "Model": "graphcodebert-base",
    "Model path": "RQ3/DC/500/graphcodebert-base/prompt_tuning_seed_42/best_model",
    "Precision": 0.8198373081900536,
    "Recall": 0.8143063583815029,
    "F1": 0.8135000720961632,
    "MCC": 0.6341195458642107
}